/*
insert into fornecedor values

(DEFAULT,'Recife','Rua do príncipe','(81)65789765435','Ambev','Bebidas'),
(DEFAULT,'Recife','Rua da aurora','(81)981273982173','Canaã','Polpas de fruta'),
(DEFAULT,'São Paulo','Osasco','(11)839812983','Friboi','Carnes'),
(DEFAULT,'Bahia','Salvador','(73)0990721323','Elegê','Leites'),
(DEFAULT,'Olinda','Alto da sé','(81)981237892173','Sadia','Carnes de aves e porco'),
(DEFAULT,'Olinda','Praça do carmo','(81)786431233','Coca-Cola','Bebidas'),
(default, 'recife','Marco zero','(81)123892173123','Vitarella','Massas'),
(default, 'Bahia', 'Salvador','(73)87213812738','Nissin','Macarrão instantâneo');
*/




/*
insert into mercado values
(DEFAULT,'MercadoIF','(81)7827838237','Rua das flores - Janga');
*/

/*
insert into funcionario values

('888.888.888-88','Claudia','(81)7213128321','Rua roberval','Estoquista','2022-08-22',3),
('111.111.111-11','Roberto','(81)827318273','Rua da amora','Padeiro','2022-01-23',3),
('222.222.222-11','Lorenzo','(81)28732873','Rua CTG','caixa','2022-03-03',2),
('333.333.333-33','Tabacildo','(81)98217389127','Rua da moeda','Gerente','2022-03-23',1),
('444.444.444-44','Felipe','(81)8972319873','Rua da caixa dagua','Açougueiro','2022-07-28',3),
('432.432.123-01','Mbappé','(81)98216398982','Rua argentina','Estoquista','2022-08-28',3),
('678.421.234-52','Ruan','(81)82738273','Rua alameda','Estoquista','2022-07-15',3),
('543.123.765-87','Neymar','(81)8271381273','Rua tite','Caixa','2022-06-12',2),
('789.543.675-12','Eliane','(81)293829739','Rua adm','Caixa','2022-08-16',2),
('122.457.234.11','Kacio','(81)9823839283','Rua maranguape','Segurança','2022-08-18',4),
('098.893.345-03','Eduardo','(81)823929329813','Rua CBF','açougueiro','2022-09-28',3),
('087.432.456-92','Adonai','(81)9823983298','Rua CTG','segurança','2022-09-25',4);
*/

/*
insert into cliente values
('123.456.789-12','Breno','1'),
('459.324.123-43','Gildo','1'),
('890.431.234-13','Lais','1'),
('986.982.123-32','Laura','1'),
('432.984.234-11','Messi','1'),
('983.123.432-98','Cristiano Ronaldo','1'),
('121.121.121-12','Neymar Jr','1'),
('212.212.212-21','Eduardo','1'),
('600.600.600-60','Glauber','1'),
('100.100.100-10','Romario','1'),
('220.220.220-22','Kleber','1'),
('333.323.220-22','Joao','1'),
('783.123.900-00','Lee Sin','1'),
('952.999.999-00','Kassadin','1'),
('095.888.888-99','Pantheon','1'),
('111.999.888-33','Kratos','1'),
('999.390.000-23','Atreus','1'),
('099.099.088-09','Roberval','1');
('011.011.011-01','Marciano','1');
*/





/*
insert into compra values
(default,'432.984.234-11','1','2022-12-30'),
(default,'459.324.123-43','1','2022-12-18'),
(default ,'890.431.234-13','1','2022-12-15'),
(default ,'983.123.432-98','1','2022-12-14'),
(default ,'986.982.123-32','1','2022-12-19'),
(Default,'123.456.789-12','1','2022-02-02');
(Default,'121.121.121-12','1','2022-04-15'),
(Default,'212.212.212-21','1','2022-01-12');
(default ,'983.123.432-98','1','2022-01-02'),
(default ,'986.982.123-32','1','2022-01-08'),
(Default,'123.456.789-12','1','2022-02-20'),
(Default,'121.121.121-12','1','2022-01-05'),
(Default,'212.212.212-21','1','2022-01-07'),
(default ,'890.431.234-13','1','2022-01-17'),
(default ,'983.123.432-98','1','2022-01-10'),
(default ,'986.982.123-32','1','2022-01-28'),
(default,'432.984.234-11','1','2022-01-11'),
(default,'432.984.234-11','1','2022-02-26'),
(default,'432.984.234-11','1','2022-02-10'),
(default ,'983.123.432-98','1','2022-02-02'),
(default ,'986.982.123-32','1','2022-02-08'),
(default ,'890.431.234-13','1','2022-02-19'),
(default ,'890.431.234-13','1','2022-02-06'),
(default ,'890.431.234-13','1','2022-02-18'),
(Default,'212.212.212-21','1','2022-02-25'),
(Default,'212.212.212-21','1','2022-02-21'),
(Default,'212.212.212-21','1','2022-02-13'),
(default ,'890.431.234-13','1','2022-03-15'),
(default ,'983.123.432-98','1','2022-03-14'),
(default ,'986.982.123-32','1','2022-03-19'),
(default ,'890.431.234-13','1','2022-03-01'),
(default ,'983.123.432-98','1','2022-03-28'),
(default ,'986.982.123-32','1','2022-03-30'),
(Default,'123.456.789-12','1','2022-03-15'),
(Default,'121.121.121-12','1','2022-03-21'),
(Default,'212.212.212-21','1','2022-03-19');
(Default,'100.100.100-10','1','2022-04-02'),
(Default,'600.600.600-60','1','2022-04-15'),
(Default,'459.324.423-43','1','2022-04-16'),
(Default,'100.100.100-10','1','2022-04-24'),
(Default,'983.123.432-98','1','2022-04-27'),
(Default,'459.324.123-43','1','2022-04-30'),
(Default,'220.220.220-22','1','2022-05-01'),
(Default,'432.934.234-11','1','2022-05-14'),
(Default,'600.600.600-60','1','2022-05-20'),
(Default,'212.212.212-21','1','2022-05-27'),
(Default,'432.934.234-11','1','2022-05-27'),
(Default,'432.934.234-11','1','2022-05-27'),
(Default,'983.123.432-98','1','2022-06-01'),
(Default,'123.456.789-12','1','2022-06-02'),
(Default,'983.123.432-98','1','2022-06-08'),
(Default,'432.934.234-11','1','2022-06-13');
(default,'100.100.100-10','1','2022-7-2'),
(default,'121.121.121-12','1','2022-7-10'),
(default,'123.456.789-12','1','2022-7-20'),
(default,'212.212.212-21','1','2022-7-30'),
(default,'333.323.220-22','1','2022-8-2'),
(default,'220.220.220-22','1','2022-8-10'),
(default,'220.220.220-22','1','2022-8-20'),
(default,'123.456.789-12','1','2022-8-30'),
(default,'123.456.789-12','1','2022-9-2'),
(default,'100.100.100-10','1','2022-9-10'),
(default,'100.100.100-10','1','2022-9-20'),
(default,'600.600.600-60','1','2022-9-30'),
(default,'432.984.234-11','1','2022-7-1'),
(default,'432.984.234-11','1','2022-7-3'),
(default,'432.984.234-11','1','2022-8-6'),
(default,'432.984.234-11','1','2022-8-7'),
(default,'432.984.234-11','1','2022-8-8'),
(default,'432.984.234-11','1','2022-8-9');


(default,'220.220.220-22','1','2022-11-17'),
(default,'123.456.789-12','1','2022-11-28'),
(default,'123.456.789-12','1','2022-11-6'),
(default,'100.100.100-10','1','2022-11-15'),
(default,'100.100.100-10','1','2022-11-20');
*/

    


/*
insert into produtos values

(Default,'Coca-Cola','Fanta UVA',5.7,100),
(Default,'Coca-Cola','Fanta laranja',5.7,100),
(Default,'Vitarella','Macarrão fino',2.8,320),
(Default,'Coca-Cola','Coca-Cola',8.5,120),
(Default,'Nissin','Macarrão instantâneo',1.2,80),
(Default,'Canaã','Polpa de goiaba',4.8,200),
(Default,'Friboi','Picanha',79.8,60),
(Default,'Ambev','Brahma 400ml',3.8,800),
(Default,'Elegê','Leite em pó',5.6,300),
(Default,'Sadia','Linguiça de porco',13.8,200),
(Default,'Friboi','Fraldinha black',35.9,90),
(Default,'Sadia','Presunto',20.0,350),
(Default,'Sadia','Queijo Prato',42.0,200);
*/


/*
insert into produtos_compra values
('1','123.456.789-12',1,1),
('1','123.456.789-12',1,2),
('1','123.456.789-12',1,3),
('1','123.456.789-12',1,4),
('2','432.984.234-11',1,7),
('2','432.984.234-11',1,6),
('3','459.324.123-43',1,5),
('3','459.324.123-43',1,4),
('3','459.324.123-43',1,10),
('3','459.324.123-43',1,8),
('4','890.431.234-13',1,1),
('4','890.431.234-13',1,9),
('4','890.431.234-13',1,4),
('4','890.431.234-13',1,2),
('5','983.123.432-98',1,1),
('5','983.123.432-98',1,7),
('5','983.123.432-98',1,10),
('5','983.123.432-98',1,6),
('6','986.982.123-32',1,4),
('6','986.982.123-32',1,3),
('6','986.982.123-32',1,6),
('6','986.982.123-32',1,8),
('7','121.121.121-12',1,12),
('7','121.121.121-12',1,15),
('7','121.121.121-12',1,14),
('7','121.121.121-12',1,17),
('7','121.121.121-12',1,12),
('7','121.121.121-12',1,15),
('7','121.121.121-12',1,14),
('7','121.121.121-12',1,17);
('8','910.910.10-34',1,17),
('8','910.910.10-34',1,15),
('8','910.910.10-34',1,12),
('8','910.910.10-34',1,2),
('9','986.982.123-32',1,12),
('9','986.982.123-32',1,15),
('9','986.982.123-32',1,17),
('9','986.982.123-32',1,8),

('10','333.323.220-22',1,3),
('10','333.323.220-22',1,6),
('10','333.323.220-22',1,9),
('11','783.123.900-00',1,12),
('11','783.123.900-00',1,11),
('11','783.123.900-00',1,7),
('11','783.123.900-00',1,14),

('12','220.220.220-22',1,13),
('12','220.220.220-22',1,10),
('13','300.320.330-30',1,10),
('13','300.320.330-30',1,17),
('14','432.984.234-11',1,5),
('14','432.984.234-11',1,16),

('15','459.324.123-43',1,3),
('15','459.324.123-43',1,4),
('15','459.324.123-43',1,5),
('16','983.123.432-98',1,17),
('16','983.123.432-98',1,12),
('17','100.100.100-10',1,11),
('17','100.100.100-10',1,9),

('18','600.600.600-60',1,14),
('18','600.600.600-60',1,17),
('19','220.220.220-22',1,12),
('19','220.220.220-22',1,15),
('20','432.984.234-11',1,14),
('20','432.984.234-11',1,17);
('21','983.123.432-98',1,9),
('21','983.123.432-98',1,17),
('21','983.123.432-98',1,14),
('21','983.123.432-98',1,11),
('22','432.934.234-11',1,9),
('22','432.934.234-11',1,5),
('22','432.934.234-11',1,12),
('22','432.934.234-11',1,4),
('23','100.100.100-10',1,10),
('23','100.100.100-10',1,8),
('23','100.100.100-10',1,1),
('23','100.100.100-10',1,9),
('24','121.121.121-12',1,1),
('24','121.121.121-12',1,7),
('24','121.121.121-12',1,3),
('25','123.456.789-12',1,9),
('25','123.456.789-12',1,4),
('25','123.456.789-12',1,6),
('26','212.212.212-21',1,5),
('26','212.212.212-21',1,14),
('26','212.212.212-21',1,15),
('1','333.323.220-22',1,12),
('1','333.323.220-22',1,16),
('1','333.323.220-22',1,13);
('27','220.220.220-22',1,1),
('27','220.220.220-22',1,2),
('28','123.456.789-12',1,3),
('28','123.456.789-12',1,8),
('29','100.100.100-10',1,10),
('29','100.100.100-10',1,9),
('29','100.100.100-10',1,3),
('30','983.123.432-98',1,7),
('30','983.123.432-98',1,14),
('30','983.123.432-98',1,11);

*/




/*
insert into	fornecedor_produtos values

('1','8','2022-12-18'),
('3','7','2022-12-18'),
('4','9','2022-12-05'),
('5','10','2022-12-03'),
('6','4','2022-12-01'),
('7','3','2022-12-13'),
('8','5','2022-11-12'),
('1','6','2022-11-15'),
('2','6','2022-12-15');
*/



/*
insert into departamento values
(default,'RH',1),
(default,'Financeiro',1),
(default,'Almoxarifado',1),
(default,'Segurança',1);
*/

